State,CourtName,CourtLevelDescription,FundingDescription,AppealFromAdminAgency,Notes,Link
Alabama,Supreme Court,Court of Last Resort,State funded,No,Assigns cases to the Court of Civil Appeals.,http://judicial.alabama.gov/supreme.cfm
Alabama,Court of Civil Appeals,Intermediate Appellate Court,State funded,No,-99,http://judicial.alabama.gov/civil.cfm
Alabama,Court of Criminal Appeals,Intermediate Appellate Court,State funded,No,-99,http://judicial.alabama.gov/criminal.cfm
Alabama,Circuit,General Jurisdiction,State and local funding,Yes,Jury trials.,http://judicial.alabama.gov/
Alabama,District,Limited Jurisdiction,State and local funding,No,No jury trials.,-99
Alabama,Municipal,Limited Jurisdiction,Locally funded,No,No jury trials.,-99
Alabama,Probate,Limited Jurisdiction,Locally funded,No,No jury trials.,-99
Alaska,Supreme Court,Court of Last Resort,State funded,No,-99,http://courts.alaska.gov/appellate/appcts.htm
Alaska,Court of Appeals,Intermediate Appellate Court,State funded,No,-99,http://courts.alaska.gov/appellate/appcts.htm
Alaska,District,Limited Jurisdiction,State funded,Yes,Jury trials in most cases.,http://www.courts.alaska.gov/trialcourts/index.htm#recs
Alaska,Superior,General Jurisdiction,State funded,No,Jury trials in most cases.,http://www.courts.alaska.gov/trialcourts/index.htm#recs
Arizona,Supreme Court,Court of Last Resort,State funded,No,-99,http://www.azcourts.gov/AZ-Supreme-Court
Arizona,Court of Appeal,Intermediate Appellate Court,State funded,Yes,-99,http://www.azcourts.gov/AZ-Courts/Court-of-Appeals
Arizona,Justice of the Peace,Limited Jurisdiction,State and local funding,No,Jury trials except in small claims.,http://justicecourts.maricopa.gov/Judges/index.aspx/
Arizona,Municipal,Limited Jurisdiction,State and local funding,No,Jury trials.,http://www.azcourts.gov/AZ-Courts/City-Courts
Arizona,Superior,General Jurisdiction,State and local funding,Yes,Jury trials.,http://www.azcourts.gov/AZ-Courts/Superior-Court
Arizona,Tax,General Jurisdiction,State and local funding,No,No jury trials.,http://www.superiorcourt.maricopa.gov/SuperiorCourt/TaxCourt/index.asp
Arkansas,Supreme Court,Court of Last Resort,State funded,No,May reassign cases from Court of Appeals.,https://courts.arkansas.gov/courts/supreme-court
Arkansas,Court of Appeals,Intermediate Appellate Court,State funded,Yes,-99,https://courts.arkansas.gov/courts/court-of-appeals
Arkansas,Circuit,General Jurisdiction,State and local funding,No,Jury trials.,https://courts.arkansas.gov/courts/circuit-courts
Arkansas,District,Limited Jurisdiction,Locally funded,No,No jury trials.,https://courts.arkansas.gov/courts/district-courts
California,Supreme Court,Court of Last Resort,State funded,Yes,-99,http://www.courts.ca.gov/supremecourt.htm
California,Court of Appeal,Intermediate Appellate Court,State funded,Yes,-99,http://www.courts.ca.gov/courtsofappeal.htm
California,Superior,General Jurisdiction,State funded,Yes,"Jury trials except in appeals, domestic relations, and juvenile cases.",http://www.courts.ca.gov/superiorcourts.htm
Colorado,Supreme Court,Court of Last Resort,State funded,Yes,-99,https://www.courts.state.co.us/Courts/Supreme_Court/Index.cfm
Colorado,Court of Appeals,Intermediate Appellate Court,State funded,Yes,-99,https://www.courts.state.co.us/Courts/Court_Of_Appeals/Index.cfm
Colorado,County,Limited Jurisdiction,State and local funding,No,Jury trials except in small claims and appeals.,https://www.courts.state.co.us/Courts/County/Choose.cfm
Colorado,Denver Juvenile,General Jurisdiction,State funded,No,Jury trials.,https://www.courts.state.co.us/Courts/Denver_Juvenile/Index.cfm
Colorado,Denver Probate,General Jurisdiction,State funded,No,Jury trials.,https://www.courts.state.co.us/Courts/Denver_Probate/Index.cfm
Colorado,District,General Jurisdiction,State funded,Yes,Jury trials except in appeals.,https://www.courts.state.co.us/Courts/District/Choose.cfm
Colorado,Municipal,Limited Jurisdiction,Locally funded,No,Jury trials.,-99
Colorado,Water,General Jurisdiction,State funded,No,District court judges serve jury trials.,https://www.courts.state.co.us/Courts/Water/Index.cfm
Connecticut,Supreme Court,Court of Last Resort,State funded,No,-99,https://www.jud.state.ct.us/external/supapp/Default.htm
Connecticut,Appellate Court,Intermediate Appellate Court,State funded,Yes,-99,https://www.jud.state.ct.us/external/supapp/appellate.htm
Connecticut,Probate,Limited Jurisdiction,Locally funded,No,No jury trials.,http://www.ctprobate.gov/Pages/Welcome.aspx
Connecticut,Superior,General Jurisdiction,State funded,Yes,Jury trials in most cases.,https://www.jud.state.ct.us/external/super/default.htm
Delaware,Supreme Court,Court of Last Resort,State funded,No,-99,https://courts.delaware.gov/supreme/
Delaware,Aldermans,Limited Jurisdiction,Locally funded,No,No jury trials. Jurisdiction varies by localities.,-99
Delaware,Court of Chancery,General Jurisdiction,State funded,No,No jury trials.,https://courts.delaware.gov/chancery/
Delaware,Court of Common Pleas,Limited Jurisdiction,State funded,Yes,Jury trials in some cases.,https://courts.delaware.gov/commonpleas/
Delaware,Family,Limited Jurisdiction,State funded,No,No jury trials.,https://courts.delaware.gov/family/
Delaware,Justice of the Peace,Limited Jurisdiction,State funded,No,Jury trials in Landlord/Tenant.,https://courts.delaware.gov/jpcourt/
Delaware,Superior,General Jurisdiction,State funded,Yes,Jury trials except in appeals.,https://courts.delaware.gov/superior/
District of Columbia,Court of Appeals,Court of Last Resort,State funded,Yes,-99,https://www.dccourts.gov/internet/appellate/main.jsf
District of Columbia,Superior,General Jurisdiction,State funded,Yes,Jury trials.,https://www.dccourts.gov/internet/superior/main.jsf
Florida,Supreme Court,Court of Last Resort,State funded,Yes,-99,http://www.floridasupremecourt.org/
Florida,District Court of Appeal,Intermediate Appellate Court,State funded,Yes,-99,http://www.flcourts.org/florida-courts/district-court-appeal.stml
Florida,Circuit,General Jurisdiction,State and local funding,No,Jury trials except in appeals.,http://www.flcourts.org/florida-courts/trial-courts-circuit.stml
Florida,County,Limited Jurisdiction,State and local funding,No,Jury trials.,http://www.flcourts.org/florida-courts/trial-courts-county.stml
Georgia,Supreme Court,Court of Last Resort,State funded,No,-99,https://www.gasupreme.us/
Georgia,Court of Appeals,Intermediate Appellate Court,State funded,No,-99,http://www.gaappeals.us/
Georgia,Civil,Limited Jurisdiction,Locally funded,No,-99,http://www.georgiacourts.org/courts/civil/bibb/index.html
Georgia,County Recorder's,Limited Jurisdiction,Locally funded,No,No jury trials.,http://www.ncsconline.org/D_KIS/CourtWebSites/CtWeb_GAlimited.htm
Georgia,Juvenile,Limited Jurisdiction,State and local funding,No,No jury trials.,-99
Georgia,Magistrate,Limited Jurisdiction,Locally funded,No,No jury trials.,http://www.georgiamagistratecouncil.com/
Georgia,Municipal,Limited Jurisdiction,Locally funded,No,No jury trials.,http://municipal.georgiacourts.gov/
Georgia,Probate,Limited Jurisdiction,Locally funded,No,Jury trials only in counties with populations greater than 96,-99
Georgia,State,Limited Jurisdiction,Locally funded,No,Jury trials.,-99
Georgia,Superior,General Jurisdiction,State and local funding,Yes,Jury trials.,https://georgiasuperiorcourts.org/
Guam,Supreme Court,Court of Last Resort,Funding source not provided,Yes,-99,-99
Guam,Superior,General Jurisdiction,Funding source not provided,Yes,-99,-99
Hawai'i,Supreme Court,Court of Last Resort,State funded,No,-99,http://www.courts.state.hi.us/courts/supreme/hawaii_supreme_court
Hawai'i,Intermediate Court of Appeals,Intermediate Appellate Court,State funded,Yes,-99,http://www.courts.state.hi.us/courts/appeals/intermediate_court_of_appeals
Hawai'i,Circuit,General Jurisdiction,State funded,Yes,Jury trials. The Family Courts are a division of the Circuit Courts and have exclusive jurisdiction over domestic relations and juvenile cases.,-99
Hawai'i,District,Limited Jurisdiction,State funded,No,No jury trials.,http://www.courts.state.hi.us/wp-content/themes/hic_state_template_child-Judiciary/redirect_notice.php?redirect=http%3A%2F%2Fwww.courts.state.hi.us%2Fcourts%2Fdistrict%2Fdistrict_courts
Idaho,Supreme Court,Court of Last Resort,State funded,Yes,-99,https://www.isc.idaho.gov/problem-solving/burdick
Idaho,Court of Appeals,Intermediate Appellate Court,State funded,No,-99,-99
Idaho,District,General Jurisdiction,State and local funding,Yes,Jury trials.,https://www.isc.idaho.gov/district-courts
Idaho,Magistrates Division,Limited Jurisdiction,State and local funding,No,Jury trials. The Magistrates Division of the District Court functions as a limited jurisdiction court.,-99
Illinois,Supreme Court,Court of Last Resort,State funded,No,-99,http://www.illinoiscourts.gov/SupremeCourt/default.asp
Illinois,Appellate Court,Intermediate Appellate Court,State funded,Yes,-99,http://www.illinoiscourts.gov/AppellateCourt/default.asp
Illinois,Circuit,General Jurisdiction,State and local funding,Yes,Jury trials permissible in most cases.,http://www.illinoiscourts.gov/CircuitCourt/default.asp
Indiana,Supreme Court,Court of Last Resort,State funded,No,-99,https://www.in.gov/judiciary/supreme/
Indiana,Court of Appeals,Intermediate Appellate Court,State funded,Yes,-99,https://www.in.gov/judiciary/appeals/
Indiana,Tax Court,Intermediate Appellate Court,State funded,Yes,-99,https://www.in.gov/judiciary/tax/
Indiana,Circuit,General Jurisdiction,State and local funding,Yes,Jury trials except small claims.,https://www.in.gov/judiciary/2794.htm
Indiana,City,Limited Jurisdiction,Locally funded,No,Jury trials.,https://www.in.gov/judiciary/2794.htm
Indiana,Probate,General Jurisdiction,State and local funding,No,Jury trials.,https://www.in.gov/judiciary/iocs/2381.htm
Indiana,Small Claims of Marion County,Limited Jurisdiction,Locally funded,No,No jury trials.,-99
Indiana,Superior,General Jurisdiction,State and local funding,Yes,"Jury trials except small claims, probate/estate, mental health, domestic relations, and juvenile. Jurisdiction varies by county.",https://www.in.gov/judiciary/2794.htm
Indiana,Town,Limited Jurisdiction,Locally funded,No,Jury trials.,https://www.in.gov/judiciary/2794.htm
Iowa,Supreme Court,Court of Last Resort,State funded,No,-99,https://www.iowacourts.gov/iowa-courts/supreme-court/
Iowa,Court of Appeals,Intermediate Appellate Court,State funded,No,-99,https://www.iowacourts.gov/iowa-courts/court-of-appeals/
Iowa,District,General Jurisdiction,State and local funding,Yes,"Jury trials except in small claims, juvenile, city and county ordinance violations, and mental health.",https://www.iowacourts.gov/iowa-courts/district-court/
Kansas,Supreme Court,Court of Last Resort,State funded,No,May transfer cases to Court of Appeals.,http://www.kscourts.org/kansas-courts/supreme-court/default.asp
Kansas,Court of Appeals,Intermediate Appellate Court,State funded,Yes,-99,http://www.kscourts.org/kansas-courts/court-of-appeals/default.asp
Kansas,District,General Jurisdiction,State and local funding,Yes,Jury trials except in small claims.,http://www.kscourts.org/kansas-courts/district-courts/default.asp
Kansas,Municipal,Limited Jurisdiction,Locally funded,No,No jury trials.,-99
Kentucky,Supreme Court,Court of Last Resort,State funded,No,-99,https://courts.ky.gov/courts/Supreme/Pages/supremecourt.aspx
Kentucky,Court of Appeals,Intermediate Appellate Court,State funded,No,-99,https://courts.ky.gov/courts/coa/Pages/coa.aspx
Kentucky,Circuit,General Jurisdiction,State funded,Yes,Jury trials except in appeals.,https://courts.ky.gov/courts/Pages/CircuitCourt.aspx
Kentucky,District,Limited Jurisdiction,State funded,No,Jury trials in most cases.,https://courts.ky.gov/courts/Pages/districtCourt.aspx
Kentucky,Family,General Jurisdiction,State funded,No,-99,https://courts.ky.gov/courts/familycourt/Pages/default.aspx
Louisiana,Supreme Court,Court of Last Resort,State funded,No,-99,http://www.lasc.org/
Louisiana,Courts of Appel,Intermediate Appellate Court,State funded,Yes,-99,http://www.lasc.org/links.asp#CourtsofAppeal
Louisiana,City & Parish,Limited Jurisdiction,State and local funding,No,No jury trials.,http://www.lasc.org/links.asp#CityandParishCourts
Louisiana,District,General Jurisdiction,State and local funding,Yes,Jury trials in most cases.,http://www.lasc.org/links.asp#DistrictCourts
Louisiana,Family,General Jurisdiction,State and local funding,No,No jury trials.,http://www.lasc.org/court_managed_prog/children_families.asp
Louisiana,Justice of the Peace,Limited Jurisdiction,State and local funding,No,No jury trials.,-99
Louisiana,Juvenile,General Jurisdiction,State and local funding,No,No jury trials.,http://www.lasc.org/court_managed_prog/children_families.asp
Louisiana,Mayor's,Limited Jurisdiction,Locally funded,No,No jury trials.,-99
Maine,Supreme Judicial Court,Court of Last Resort,State funded,Yes,-99,http://www.courts.maine.gov/maine_courts/supreme/index.shtml
Maine,District,General Jurisdiction,State funded,No,No jury trials.,http://www.courts.maine.gov/maine_courts/district/index.shtml
Maine,Probate,Limited Jurisdiction,Locally funded,No,No jury trials.,http://www.maineprobate.net/index.html
Maine,Superior,General Jurisdiction,State funded,Yes,Jury trials in some cases.,http://www.courts.maine.gov/maine_courts/superior/index.shtml
Maryland,Court of Appeals,Court of Last Resort,State funded,No,-99,-99
Maryland,Court of Special Appeals,Intermediate Appellate Court,State funded,No,-99,-99
Maryland,Circuit,General Jurisdiction,State and local funding,Yes,Jury trials in most cases.,-99
Maryland,District,Limited Jurisdiction,State funded,No,No jury trials.,-99
Maryland,Orphan's,Limited Jurisdiction,Locally funded,No,No jury trials.,-99
Massachusetts,Supreme Judicial Court,Court of Last Resort,State funded,Yes,-99,https://www.mass.gov/orgs/massachusetts-supreme-judicial-court
Massachusetts,Appeals Court,Intermediate Appellate Court,State funded,Yes,-99,https://www.mass.gov/orgs/appeals-court
Massachusetts,Boston Municipal Court Dept,Limited Jurisdiction,State funded,No,Jury trials.,https://www.mass.gov/orgs/boston-municipal-court
Massachusetts,District Court Dept,Limited Jurisdiction,State funded,No,Jury trials.,https://www.mass.gov/orgs/district-court
Massachusetts,Housing Court Dept,Limited Jurisdiction,State funded,No,Jury trials except in small claims.,https://www.mass.gov/orgs/housing-court/locations
Massachusetts,Juvenile Court Dept,Limited Jurisdiction,State funded,No,Jury trials.,https://www.mass.gov/orgs/juvenile-court
Massachusetts,Land Court Dept,Limited Jurisdiction,State funded,No,No jury trials.,https://www.mass.gov/orgs/land-court
Massachusetts,Probate & Family Court Dept,Limited Jurisdiction,State funded,No,No jury trials.,https://www.mass.gov/orgs/probate-and-family-court
Massachusetts,Superior Court Dept,General Jurisdiction,State funded,Yes,Jury trials.,https://www.mass.gov/orgs/superior-court
Michigan,Supreme Court,Court of Last Resort,State funded,No,-99,http://courts.mi.gov/courts/michigansupremecourt/pages/default.aspx
Michigan,Court of Appeals,Intermediate Appellate Court,State funded,No,-99,http://courts.mi.gov/courts/coa/pages/default.aspx
Michigan,Circuit,General Jurisdiction,State and local funding,Yes,Jury trials except in domestic relations.,http://courts.mi.gov/courts/trialcourts/Pages/default.aspx
Michigan,Court of Claims,General Jurisdiction,State and local funding,Yes,No jury trials.,http://courts.mi.gov/courts/coc/Pages/default.aspx
Michigan,District,Limited Jurisdiction,State and local funding,No,Jury trials in most cases.,http://courts.mi.gov/courts/trialcourts/Pages/default.aspx
Michigan,Municipal,Limited Jurisdiction,Locally funded,No,Jury trials in most cases.,http://courts.mi.gov/courts/trialcourts/Pages/default.aspx
Michigan,Probate,Limited Jurisdiction,State and local funding,No,Jury trials in some cases.,http://courts.mi.gov/courts/trialcourts/Pages/default.aspx
Minnesota,Supreme Court,Court of Last Resort,State funded,Yes,-99,http://www.mncourts.gov/About-The-Courts/SupremeCourt.aspx
Minnesota,Court of Appeals,Intermediate Appellate Court,State funded,Yes,-99,http://www.mncourts.gov/About-The-Courts/CourtOfAppeals.aspx
Minnesota,District,General Jurisdiction,State funded,No,"Jury trials except in small claims, child protection, and non-extended jurisdiction juvenile cases.",http://www.mncourts.gov/Find-Courts.aspx
Mississippi,Supreme Court,Court of Last Resort,State funded,No,Assigns cases to the Court of Appeals.,-99
Mississippi,Court of Appeals,Intermediate Appellate Court,State funded,No,-99,-99
Mississippi,Chancery,Limited Jurisdiction,State and local funding,No,Jury trials (limited).,-99
Mississippi,Circuit,General Jurisdiction,State and local funding,Yes,Jury trials.,-99
Mississippi,County,Limited Jurisdiction,Locally funded,No,Jury trials (limited).,-99
Mississippi,Justice,Limited Jurisdiction,Locally funded,No,Jury trials.,-99
Mississippi,Municipal,Limited Jurisdiction,Locally funded,No,No jury trials.,-99
Missouri,Supreme Court,Court of Last Resort,State funded,No,-99,https://www.courts.mo.gov/page.jsp?id=27
Missouri,Court of Appeals,Intermediate Appellate Court,State funded,Yes,-99,https://www.courts.mo.gov/page.jsp?id=261
Missouri,Circuit,General Jurisdiction,State and local funding,Yes,Jury trials in most cases.,https://www.courts.mo.gov/page.jsp?id=321
Montana,Supreme Court,Court of Last Resort,State funded,No,-99,-99
Montana,City,Limited Jurisdiction,Locally funded,No,Jury trials.,-99
Montana,District,General Jurisdiction,State and local funding,Yes,Jury trials.,-99
Montana,Justice's Court,Limited Jurisdiction,Locally funded,No,Jury trials except in small claims.,-99
Montana,Municipal,Limited Jurisdiction,Locally funded,No,Jury trials.,-99
Montana,Water,General Jurisdiction,State funded,No,No jury trials.,-99
Montana,Worker's Compensation,General Jurisdiction,State funded,No,No jury trials.,-99
Nebraska,Supreme Court,Court of Last Resort,State funded,No,-99,https://supremecourt.nebraska.gov/courts/supreme-court
Nebraska,Court of Appeals,Intermediate Appellate Court,State funded,Yes,-99,https://supremecourt.nebraska.gov/courts/court-appeals
Nebraska,County,Limited Jurisdiction,State and local funding,No,Jury trials except in juvenile and small claims.,https://supremecourt.nebraska.gov/courts/county-courts
Nebraska,District,General Jurisdiction,State and local funding,No,Jury trials except in appeals.,https://supremecourt.nebraska.gov/courts/district-court
Nebraska,Separate Juvenile,Limited Jurisdiction,State and local funding,No,No jury trials.,https://supremecourt.nebraska.gov/courts/separate-juvenile-courts
Nebraska,Worker's Compensation,Limited Jurisdiction,State funded,No,No jury trials.,https://supremecourt.nebraska.gov/courts/workers-compensation-court
Nevada,Supreme Court,Court of Last Resort,State funded,No,Assigns cases to the Court of Appeals.,https://nvcourts.gov/supreme/
Nevada,Court of Appeals,Intermediate Appellate Court,State funded,No,-99,-99
Nevada,District,General Jurisdiction,State and local funding,Yes,Jury trials in most cases.,https://nvcourts.gov/supreme/
Nevada,Justice,Limited Jurisdiction,Locally funded,No,"Jury trials except in small claimsl, traffic, and parking. ",https://nvcourts.gov/Find_a_Court/Justice_Courts/
Nevada,Municipal,Limited Jurisdiction,Locally funded,Yes,"Jury trials except in parking, traffic, and specific ordinance violations. ",https://nvcourts.gov/Find_a_Court/Municipal_Courts/
New Hampshire,Supreme Court,Court of Last Resort,State funded,Yes,-99,https://www.courts.state.nh.us/supreme/index.htm
New Hampshire,Circuit,Limited Jurisdiction,State funded,No,No jury trials.,https://www.courts.state.nh.us/district/index.htm
New Hampshire,Superior,General Jurisdiction,State funded,Yes,Jury trials.,https://www.courts.state.nh.us/superior/index.htm
New Jersey,Supreme Court,Court of Last Resort,State funded,Yes,-99,-99
New Jersey,Appellate Division of Superior Court,Intermediate Appellate Court,State funded,Yes,-99,-99
New Jersey,Municipal,Limited Jurisdiction,Locally funded,No,No jury trials.,-99
New Jersey,Superior,General Jurisdiction,State and local funding,No,Jury trials in most cases.,-99
New Jersey,Tax,Limited Jurisdiction,State funded,Yes,No jury trials.,-99
New Mexico,Supreme Court,Court of Last Resort,State funded,Yes,-99,https://supremecourt.nmcourts.gov/default.aspx
New Mexico,Court of Appeals,Intermediate Appellate Court,State funded,Yes,-99,https://coa.nmcourts.gov/default.aspx
New Mexico,Bernalillo County Metropolitan,Limited Jurisdiction,Locally funded,No,Jury trials in some cases.,-99
New Mexico,District,General Jurisdiction,State and local funding,No,Jury trials.,https://www.nmcourts.gov/state-courts.aspx
New Mexico,Magistrate,Limited Jurisdiction,State and local funding,No,No jury trials.,https://www.nmcourts.gov/Magistrate-Courts/court-listing.aspx
New Mexico,Municipal,Limited Jurisdiction,Locally funded,No,No jury trials.,-99
New Mexico,Probate,Limited Jurisdiction,Locally funded,No,No jury trials.,-99
New York,Court of Appeals,Court of Last Resort,State funded,No,-99,http://www.courts.state.ny.us/ctapps/
New York,Appellate Division of Supreme Court,Intermediate Appellate Court,State funded,Yes,-99,http://www.courts.state.ny.us/courts/appellatedivisions.shtml
New York,Appellate Terms of Supreme Court,Intermediate Appellate Court,State funded,No,-99,http://www.courts.state.ny.us/courts/lowerappeals.shtml
New York,City,Limited Jurisdiction,State funded,No,Jury trials.,http://www.nycourts.gov/courts/cts-outside-nyc-CITY.shtml
New York,Civil Ct. of the City of NY,Limited Jurisdiction,State funded,No,Jury trials.,http://www.courts.state.ny.us/courts/nyc/civil/index.shtml
New York,County,General Jurisdiction,State funded,No,Jury trials.,http://www.courts.state.ny.us/litigants/courtguides/index.shtml
New York,Court of Claims,Limited Jurisdiction,State funded,No,No jury trials.,http://www.nycourts.gov/courts/nyscourtofclaims/
New York,Criminal Ct of the City of NY,Limited Jurisdiction,State funded,No,Jury trials for highest level misdemeanor.,http://www.courts.state.ny.us/courts/nyc/criminal/index.shtml
New York,District,Limited Jurisdiction,State funded,No,Jury trials except in traffic.,http://www.courts.state.ny.us/courts/cts-outside-nyc-DISTRICT.shtml
New York,Family,Limited Jurisdiction,State funded,No,No jury trials.,http://www.courts.state.ny.us/courts/cts-outside-nyc-FAMILY.shtml
New York,Supreme,General Jurisdiction,State funded,Yes,Jury trials.,http://www.courts.state.ny.us/courts/nyc/supreme/index.shtml
New York,Surrogate's,Limited Jurisdiction,State funded,No,Jury trials in probate/estate.,http://www.courts.state.ny.us/courts/cts-outside-nyc-SURROGATES.shtml
New York,Town & Village Justice,Limited Jurisdiction,State and local funding,No,Jury trials in most cases.,http://www.nycourts.gov/courts/townandvillage/
North Carolina,Supreme Court,Court of Last Resort,State funded,Yes,-99,http://www.nccourts.org/Courts/Appellate/Supreme/Default.asp
North Carolina,Court of Appeals,Intermediate Appellate Court,State funded,Yes,-99,http://www.nccourts.org/Courts/Appellate/Appeal/Default.asp
North Carolina,District,Limited Jurisdiction,State and local funding,No,Jury trials in civil cases only.,http://www.nccourts.org/Courts/Trial/District/Default.asp
North Carolina,Superior,General Jurisdiction,State and local funding,Yes,Jury trials.,http://www.nccourts.org/Courts/Trial/Superior/Default.asp
North Dakota,Supreme Court,Court of Last Resort,State funded,No,Assigns cases to the Temporary Court of Appeals.,www.court.state.nd.us/Court/COURT.htm
North Dakota,Temporary Court of Appeals,Intermediate Appellate Court,State funded,No,"A temporary court of appeals was established July 1, 1987. The Supreme Court has the authority to call into existence the Court of Appeals for the purpose of exercising appellate and original jurisdiction as delegated by the Supreme Court. Since the Court of Appeals is not a permanent seated court it must be specifically authorized; such authorization for the Court f Appeals extends to January 1, 2020.",-99
North Dakota,District,General Jurisdiction,State funded,Yes,Jury trials in many cases.,http://www.ndcourts.gov/court/districts/districts.htm
North Dakota,Municipal,Limited Jurisdiction,Locally funded,No,No jury trials.,http://www.ndcourts.gov/court/municipal.htm
Ohio,Supreme Court,Court of Last Resort,State funded,Yes,-99,http://www.sconet.state.oh.us/
Ohio,Court of Appeals,Intermediate Appellate Court,State funded,Yes,-99,http://www.sconet.state.oh.us/JudSystem/districtCourts/
Ohio,County,Limited Jurisdiction,State and local funding,No,Jury trials in most cases.,http://www.sconet.state.oh.us/JudSystem/districtCourts/
Ohio,Court of Claims,Limited Jurisdiction,State funded,No,Jury trials in some cases.,https://ohiocourtofclaims.gov/
Ohio,Court of Common Pleas,General Jurisdiction,State and local funding,Yes,Jury trials in most cases.,http://www.sconet.state.oh.us/JudSystem/default.asp
Ohio,Mayor's,Limited Jurisdiction,Locally funded,No,No jury trials.,http://www.ohiomayorscourtclerks.org/
Ohio,Municipal,Limited Jurisdiction,State and local funding,No,Jury trials in most cases.,http://www.sconet.state.oh.us/JudSystem/default.asp
Oklahoma,Court of Criminal Appeals,Court of Last Resort,State funded,No,-99,http://www.okcca.net/
Oklahoma,Supreme Court,Court of Last Resort,State funded,Yes,Assigns cases to the Court of Civil Appeals.,http://www.oscn.net/oscn/schome/start.htm
Oklahoma,Court of Civil Appeals,Intermediate Appellate Court,State funded,No,-99,http://www.oscn.net/oscn/schome/civilappeals.htm
Oklahoma,District,General Jurisdiction,State funded,No,Jury trials.,http://www.oscn.net/applications/oscn/start.asp?viewType=COURTS
Oklahoma,Municipal Court Not of Record,Limited Jurisdiction,Locally funded,No,Jury trials.,-99
Oklahoma,Municipal Criminal Court of Record,Limited Jurisdiction,Locally funded,No,Jury trials.,-99
Oklahoma,Tax Review,Limited Jurisdiction,State funded,Yes,No jury trials.,-99
Oregon,Supreme Court,Court of Last Resort,State funded,Yes,-99,courts.oregon.gov/Supreme/pages/index.aspx
Oregon,Court of Appeals,Intermediate Appellate Court,State funded,Yes,-99,https://www.courts.oregon.gov/courts/appellate/Pages/default.aspx
Oregon,Circuit,General Jurisdiction,State and local funding,No,Jury trials for most case types.,https://www.courts.oregon.gov/OJD/courts/circuit/index.page
Oregon,County,Limited Jurisdiction,Locally funded,No,No jury trials.,https://sos.oregon.gov/blue-book/Pages/state.aspx
Oregon,Justice,Limited Jurisdiction,Locally funded,No,Jury trials for some case types.,https://sos.oregon.gov/blue-book/Pages/state.aspx
Oregon,Municipal,Limited Jurisdiction,Locally funded,No,Jury trials for some case types.,https://sos.oregon.gov/blue-book/Pages/state.aspx
Oregon,Tax,General Jurisdiction,State funded,Yes,No jury trials.,https://www.courts.oregon.gov/Tax/pages/index.aspx
Pennsylvania,Supreme Court,Court of Last Resort,State funded,No,-99,http://www.pacourts.us/courts/supreme-court/
Pennsylvania,Commonwealth Court,Intermediate Appellate Court,State funded,Yes,-99,http://www.pacourts.us/courts/commonwealth-court/
Pennsylvania,Superior Court,Intermediate Appellate Court,State funded,No,-99,www.pacourts.us/courts/superior-court/
Pennsylvania,Court of Common Pleas,General Jurisdiction,State and local funding,Yes,Jury trials in most cases.,http://www.pacourts.us/courts/courts-of-common-pleas/
Pennsylvania,Magisterial District Judge,Limited Jurisdiction,State and local funding,No,No jury trials.,http://www.pacourts.us/courts/minor-courts/magisterial-district-judges/
Pennsylvania,Philadelphia Municipal,Limited Jurisdiction,State and local funding,No,No jury trials.,http://courts.phila.gov/municipal/
Puerto Rico,Supreme Court,Court of Last Resort,State funded,No,-99,http://www.ramajudicial.pr/sistema/supremo/index.htm
Puerto Rico,Court of Appeals,Intermediate Appellate Court,State funded,No,-99,http://www.ramajudicial.pr/sistema/apelaciones.htm
Puerto Rico,Court of First Instance,General Jurisdiction,State funded,Yes,-99,http://www.ramajudicial.pr/sistema/instancia.htm
Rhode Island,Supreme Court,Court of Last Resort,State funded,Yes,-99,https://www.courts.ri.gov/Courts/SupremeCourt/Pages/default.aspx
Rhode Island,District,Limited Jurisdiction,State funded,No,No jury trials.,https://www.courts.ri.gov/Courts/districtcourt/Pages/default.aspx
Rhode Island,Family,Limited Jurisdiction,State funded,No,Jury trials.,https://www.courts.ri.gov/Courts/FamilyCourt/Pages/default.aspx
Rhode Island,Municipal,Limited Jurisdiction,Locally funded,No,No jury trials.,-99
Rhode Island,Probate,Limited Jurisdiction,Locally funded,No,No jury trials.,-99
Rhode Island,Superior,General Jurisdiction,State funded,Yes,Jury trials.,https://www.courts.ri.gov/Courts/SuperiorCourt/Pages/default.aspx
Rhode Island,Traffic Tribunal,Limited Jurisdiction,State funded,No,No jury trials.,https://www.courts.ri.gov/Courts/rhodeislandtraffictribunal/Pages/default.aspx
Rhode Island,Worker's Compensation,Limited Jurisdiction,State funded,Yes,No jury trials.,https://www.courts.ri.gov/Courts/workerscompensationcourt/Pages/default.aspx
South Carolina,Supreme Court,Court of Last Resort,State funded,No,May transfer cases from the Court of Appeals.,-99
South Carolina,Court of Appeals,Intermediate Appellate Court,State funded,No,-99,-99
South Carolina,Circuit,General Jurisdiction,State and local funding,Yes,Jury trials except in appeals.,-99
South Carolina,Family,Limited Jurisdiction,State and local funding,No,No jury trials.,-99
South Carolina,Magistrate,Limited Jurisdiction,State and local funding,No,Jury trials.,https://www.sccourts.org/magistratecourt/
South Carolina,Municipal,Limited Jurisdiction,State and local funding,No,Jury trials.,https://www.sccourts.org/municipalcourt/
South Carolina,Probate,Limited Jurisdiction,State and local funding,No,No jury trials.,-99
South Dakota,Supreme Court,Court of Last Resort,State funded,No,-99,http://ujs.sd.gov/Supreme_Court/default.aspx
South Dakota,Circuit,General Jurisdiction,State and local funding,Yes,Jury trials.,http://ujs.sd.gov/Circuit_Court/default.aspx
South Dakota,Magistrate,Limited Jurisdiction,State and local funding,No,Jury trials except in small claims.,-99
Tennessee,Supreme Court,Court of Last Resort,State funded,No,-99,http://www.tsc.state.tn.us/courts/supreme-court
Tennessee,Court of Appeals,Intermediate Appellate Court,State funded,Yes,-99,http://www.tsc.state.tn.us/courts/court-appeals
Tennessee,Court of Criminal Appeals,Intermediate Appellate Court,State funded,No,-99,http://www.tsc.state.tn.us/courts/court-criminal-appeals
Tennessee,Chancery,General Jurisdiction,State and local funding,Yes,Jury trials.,http://www.tsc.state.tn.us/courts/court-criminal-appeals
Tennessee,Circuit,General Jurisdiction,State and local funding,Yes,Jury trials.,http://www.tsc.state.tn.us/courts/circuit-criminal-chancery-courts
Tennessee,Criminal,General Jurisdiction,State and local funding,No,Jury trials.,http://www.tsc.state.tn.us/courts/circuit-criminal-chancery-courts
Tennessee,General Sessions,Limited Jurisdiction,State and local funding,No,No jury trials.,http://www.tsc.state.tn.us/courts/municipal-courts
Tennessee,Juvenile,Limited Jurisdiction,State and local funding,No,No jury trials.,http://www.tncourts.gov/courts/juvenile-family-courts
Tennessee,Municipal,Limited Jurisdiction,State and local funding,No,No jury trials.,http://www.tsc.state.tn.us/courts/municipal-courts
Tennessee,Probate,General Jurisdiction,Locally funded,No,No jury trials.,http://www.tsc.state.tn.us/courts/circuit-criminal-chancery-courts/about
Texas,Court of Criminal Appeals,Court of Last Resort,State funded,No,-99,http://www.txcourts.gov/cca
Texas,Supreme Court,Court of Last Resort,State funded,No,-99,http://www.txcourts.gov/supreme.aspx
Texas,Court of Appeals,Intermediate Appellate Court,State funded,No,-99,http://www.txcourts.gov/about-texas-courts/courts-of-appeals.aspx
Texas,Constitutional County,Limited Jurisdiction,State funded,No,Jury trials.,-99
Texas,County Court at Law,Limited Jurisdiction,State funded,No,Jury trials.,-99
Texas,District,General Jurisdiction,State and local funding,Yes,Jury trials.,http://www.txcourts.gov/courts/overview/about-texas-courts/trial-courts.aspx
Texas,Justice,Limited Jurisdiction,Locally funded,No,Jury trials.,http://www.txcourts.gov/courts/overview/about-texas-courts/trial-courts.aspx
Texas,Municipal,Limited Jurisdiction,Locally funded,No,Jury trials.,http://www.txcourts.gov/courts/overview/about-texas-courts/trial-courts.aspx
Texas,Statutory Probate,Limited Jurisdiction,State and local funding,No,Jury trials.,-99
Utah,Supreme Court,Court of Last Resort,State funded,No,-99,https://www.utcourts.gov/courts/sup/index.htm
Utah,Court of Appeals,Intermediate Appellate Court,State funded,No,-99,https://www.utcourts.gov/courts/sup/index.htm
Utah,District,General Jurisdiction,State and local funding,Yes,Jury trials in most cases.,https://www.utcourts.gov/courts/dist/index.htm
Utah,Justice,Limited Jurisdiction,Locally funded,No,Jury trials in some case types.,https://www.utcourts.gov/courts/just/index.htm
Utah,Juvenile,Limited Jurisdiction,State and local funding,No,No jury trials.,https://www.utcourts.gov/courts/juv/index.htm
Vermont,Supreme Court,Court of Last Resort,State funded,No,-99,https://www.vermontjudiciary.org/supreme-court
Vermont,Superior,General Jurisdiction,State funded,Yes,Jury trials.,https://www.vermontjudiciary.org/court-divisions
Virginia,Supreme Court,Court of Last Resort,State funded,No,-99,http://www.courts.state.va.us/courts/scv/home.html
Virginia,Court of Appeals,Intermediate Appellate Court,State funded,No,-99,http://www.courts.state.va.us/courts/cav/home.html
Virginia,Circuit,General Jurisdiction,State and local funding,Yes,Jury trials.,http://www.courts.state.va.us/courts/circuit/home.html
Virginia,District,Limited Jurisdiction,State and local funding,No,No jury trials.,http://www.courts.state.va.us/courts/gd/home.html
Washington,Supreme Court,Court of Last Resort,State funded,No,-99,http://www.courts.wa.gov/appellate_trial_courts/
Washington,Court of Appeals,Intermediate Appellate Court,State funded,No,-99,http://www.courts.wa.gov/appellate_trial_courts/
Washington,District,Limited Jurisdiction,Locally funded,No,Jury trials except in traffic infractions and parking violations.,http://www.courts.wa.gov/appellate_trial_courts/?fa=atc.crtPage&crtType=Dist
Washington,Municipal,Limited Jurisdiction,Locally funded,No,Jury trials except in traffic infractions and parking violations.,http://www.courts.wa.gov/appellate_trial_courts/?fa=atc.crtPage&crtType=Muni
Washington,Superior,General Jurisdiction,State and local funding,Yes,Jury trials.,http://www.courts.wa.gov/appellate_trial_courts/?fa=atc.crtPage&crtType=Super
West Virginia,Supreme Court of Appeals,Court of Last Resort,State funded,No,-99,http://www.courtswv.gov/supreme-court/index.html
West Virginia,Circuit,General Jurisdiction,State and local funding,Yes,Jury trials.,http://www.courtswv.gov/lower-courts/circuit-courts.html
West Virginia,Family,Limited Jurisdiction,State and local funding,No,No jury trials.,http://www.courtswv.gov/lower-courts/family-courts.html
West Virginia,Magistrate,Limited Jurisdiction,State funded,No,Jury trials.,http://www.courtswv.gov/lower-courts/magistrate-courts.html
West Virginia,Municipal,Limited Jurisdiction,Locally funded,No,Jury trials.,-99
Wisconsin,Supreme Court,Court of Last Resort,State funded,No,-99,https://wicourts.gov/courts/supreme/index.htm
Wisconsin,Court of Appeals,Intermediate Appellate Court,State funded,No,-99,https://wicourts.gov/courts/appeals/index.htm
Wisconsin,Circuit,General Jurisdiction,State and local funding,Yes,Jury trials in most cases.,https://wicourts.gov/courts/circuit/index.htm
Wisconsin,Municipal,Limited Jurisdiction,Locally funded,No,No jury trials.,https://wicourts.gov/courts/municipal/index.htm
Wyoming,Supreme Court,Court of Last Resort,State funded,Yes,-99,https://www.courts.state.wy.us/supreme-court/
Wyoming,Circuit,Limited Jurisdiction,State and local funding,No,Jury trials except in small claims.,https://www.courts.state.wy.us/circuit-courts/
Wyoming,District,General Jurisdiction,State and local funding,Yes,Jury trials.,https://www.courts.state.wy.us/district-courts/
Wyoming,Municipal,Limited Jurisdiction,Locally funded,No,Jury trials.,-99
